{
    "id": "CBRPNK",
    "name": "CBRPNK",
    "system": "CBR+PNK",
    "title": "CBR+PNK",
    "description": "Unofficial system to <strong>CBR+PNK</strong>",
    "authors": [{
        "name": "Kiszu",
        "discord": "2137"
    }],
    "version": 0.01,
    "compatibility": {
        "coreVersion": 12,
        "minimum": "11",
        "compatible": "12"
    },
    "esmodules": [
        "mian.js"
    ],
    "styles": [
        "mian.css"
    ],
    "url": "https://github.com/P4NTY/CBR-PNK-FOUNDRY",
    "background": "systems/CBRPNK/assets/CBRPNK_splash.webp",
    "download": "https://github.com/P4NTY/CBR-PNK-FOUNDRY/raw/main/CBR-PNK-FOUNDRY.zip"
}
